{
    "設計一次エネルギー消費量[MJ]": 7616627.648606273,
    "基準一次エネルギー消費量[MJ]": 7077334.176744186,
    "設計一次エネルギー消費量（その他除き）[MJ]": 6023027.648606273,
    "基準一次エネルギー消費量（その他除き）[MJ]": 5483734.176744186,
    "BEI": 1.1,
    "設計一次エネルギー消費量（再エネ、その他除き）[MJ]": 6144586.883483492,
    "BEI（再エネ除き）": 1.13,
    "設計一次エネルギー消費量（空調）[MJ]": 5952988.411333742,
    "基準一次エネルギー消費量（空調）[MJ]": 3753600.0,
    "BEI_AC": 1.59,
    "設計一次エネルギー消費量（換気）[MJ]": 0,
    "基準一次エネルギー消費量（換気）[MJ]": 0,
    "BEI_V": "-",
    "設計一次エネルギー消費量（照明）[MJ]": 60469.34765625,
    "基準一次エネルギー消費量（照明）[MJ]": 1593600.0,
    "BEI_L": 0.04,
    "設計一次エネルギー消費量（給湯）[MJ]": 45794.94774931349,
    "基準一次エネルギー消費量（給湯）[MJ]": 51200.0,
    "BEI_HW": 0.9,
    "設計一次エネルギー消費量（昇降機）[MJ]": 85334.17674418604,
    "基準一次エネルギー消費量（昇降機）[MJ]": 85334.17674418604,
    "BEI_EV": 1.0,
    "その他一次エネルギー消費量[MJ]": 1593600.0,
    "創エネルギー量（太陽光）[MJ]": 121559.23487721886,
    "創エネルギー量（コジェネ）[MJ]": 0.0
}