{
    "E_lighting": 60469.34765625,
    "Es_lighting": 1593600.0,
    "BEI_L": 0.04,
    "E_lighting_hourly": null,
    "lighting": {
        "0": {
            "building_type": "事務所等",
            "room_type": "事務室",
            "room_area": 1600.0,
            "opelationTime": 3133,
            "room_index": 2.0,
            "room_indexCoeff": 0.9,
            "unitPower": 1098.6328125,
            "primaryEnergy": 30234.673828125,
            "standardEnergy": 796800.0,
            "primary_energy_per_area": 18.896671142578125,
            "energyRatio": 0.037945122776261296
        },
        "1": {
            "building_type": "事務所等",
            "room_type": "事務室",
            "room_area": 1600.0,
            "opelationTime": 3133,
            "room_index": 2.0,
            "room_indexCoeff": 0.9,
            "unitPower": 1098.6328125,
            "primaryEnergy": 30234.673828125,
            "standardEnergy": 796800.0,
            "primary_energy_per_area": 18.896671142578125,
            "energyRatio": 0.037945122776261296
        }
    },
    "for_cgs": {
        "Edesign_MWh_day": [
            0.0,
            0.0,
            0.0,
            0.0,
            0.0257080078125,
            0.0257080078125,
            0.0257080078125,
            0.0257080078125,
            0.0257080078125,
            0.0,
            0.0,
            0.0,
            0.0257080078125,
            0.0257080078125,
            0.0257080078125,
            0.0257080078125,
            0.0,
            0.0,
            0.0257080078125,
            0.0257080078125,
            0.0257080078125,
            0.0257080078125,
            0.0257080078125,
            0.0,
            0.0,
            0.0257080078125,
            0.0257080078125,
            0.0257080078125,
            0.0257080078125,
            0.0257080078125,
            0.0,
            0.0,
            0.0257080078125,
            0.0257080078125,
            0.0257080078125,
            0.0257080078125,
            0.0257080078125,
            0.0,
            0.0,
            0.0257080078125,
            0.0257080078125,
            0.0,
            0.0257080078125,
            0.0257080078125,
            0.0,
            0.0,
            0.0257080078125,
            0.0257080078125,
            0.0257080078125,
            0.0257080078125,
            0.0257080078125,
            0.0,
            0.0,
            0.0257080078125,
            0.0257080078125,
            0.0257080078125,
            0.0257080078125,
            0.0257080078125,
            0.0,
            0.0,
            0.0257080078125,
            0.0257080078125,
            0.0257080078125,
            0.0257080078125,
            0.0257080078125,
            0.0,
            0.0,
            0.0257080078125,
            0.0257080078125,
            0.0257080078125,
            0.0257080078125,
            0.0257080078125,
            0.0,
            0.0,
            0.0257080078125,
            0.0257080078125,
            0.0257080078125,
            0.0257080078125,
            0.0,
            0.0,
            0.0,
            0.0257080078125,
            0.0257080078125,
            0.0257080078125,
            0.0257080078125,
            0.0257080078125,
            0.0,
            0.0,
            0.0257080078125,
            0.0257080078125,
            0.0257080078125,
            0.0257080078125,
            0.0257080078125,
            0.0,
            0.0,
            0.0257080078125,
            0.0257080078125,
            0.0257080078125,
            0.0257080078125,
            0.0257080078125,
            0.0,
            0.0,
            0.0257080078125,
            0.0257080078125,
            0.0257080078125,
            0.0257080078125,
            0.0257080078125,
            0.0,
            0.0,
            0.0257080078125,
            0.0257080078125,
            0.0257080078125,
            0.0257080078125,
            0.0257080078125,
            0.0,
            0.0,
            0.0257080078125,
            0.0257080078125,
            0.0,
            0.0257080078125,
            0.0257080078125,
            0.0,
            0.0,
            0.0,
            0.0,
            0.0,
            0.0257080078125,
            0.0257080078125,
            0.0,
            0.0,
            0.0257080078125,
            0.0257080078125,
            0.0257080078125,
            0.0257080078125,
            0.0257080078125,
            0.0,
            0.0,
            0.0257080078125,
            0.0257080078125,
            0.0257080078125,
            0.0257080078125,
            0.0257080078125,
            0.0,
            0.0,
            0.0257080078125,
            0.0257080078125,
            0.0257080078125,
            0.0257080078125,
            0.0257080078125,
            0.0,
            0.0,
            0.0257080078125,
            0.0257080078125,
            0.0257080078125,
            0.0257080078125,
            0.0257080078125,
            0.0,
            0.0,
            0.0257080078125,
            0.0257080078125,
            0.0257080078125,
            0.0257080078125,
            0.0257080078125,
            0.0,
            0.0,
            0.0257080078125,
            0.0257080078125,
            0.0257080078125,
            0.0257080078125,
            0.0257080078125,
            0.0,
            0.0,
            0.0257080078125,
            0.0257080078125,
            0.0257080078125,
            0.0257080078125,
            0.0257080078125,
            0.0,
            0.0,
            0.0257080078125,
            0.0257080078125,
            0.0257080078125,
            0.0257080078125,
            0.0257080078125,
            0.0,
            0.0,
            0.0257080078125,
            0.0257080078125,
            0.0257080078125,
            0.0257080078125,
            0.0257080078125,
            0.0,
            0.0,
            0.0257080078125,
            0.0257080078125,
            0.0257080078125,
            0.0257080078125,
            0.0257080078125,
            0.0,
            0.0,
            0.0,
            0.0257080078125,
            0.0257080078125,
            0.0257080078125,
            0.0257080078125,
            0.0,
            0.0,
            0.0257080078125,
            0.0257080078125,
            0.0257080078125,
            0.0257080078125,
            0.0257080078125,
            0.0,
            0.0,
            0.0257080078125,
            0.0257080078125,
            0.0257080078125,
            0.0257080078125,
            0.0257080078125,
            0.0,
            0.0,
            0.0257080078125,
            0.0257080078125,
            0.0257080078125,
            0.0257080078125,
            0.0257080078125,
            0.0,
            0.0,
            0.0257080078125,
            0.0257080078125,
            0.0257080078125,
            0.0257080078125,
            0.0257080078125,
            0.0,
            0.0,
            0.0257080078125,
            0.0257080078125,
            0.0257080078125,
            0.0257080078125,
            0.0257080078125,
            0.0,
            0.0,
            0.0257080078125,
            0.0257080078125,
            0.0257080078125,
            0.0257080078125,
            0.0257080078125,
            0.0,
            0.0,
            0.0257080078125,
            0.0257080078125,
            0.0257080078125,
            0.0257080078125,
            0.0257080078125,
            0.0,
            0.0,
            0.0257080078125,
            0.0257080078125,
            0.0257080078125,
            0.0257080078125,
            0.0257080078125,
            0.0,
            0.0,
            0.0,
            0.0,
            0.0,
            0.0257080078125,
            0.0257080078125,
            0.0,
            0.0,
            0.0257080078125,
            0.0257080078125,
            0.0257080078125,
            0.0257080078125,
            0.0257080078125,
